<application>
  <component name="FindSettings">
    <option name="customScope" value="Current File" />
    <option name="defaultScopeName" value="Current File" />
    <option name="SEARCH_SCOPE" value="Current File" />
    <mask>*.xml</mask>
    <mask>*.css</mask>
    <mask>*.htm</mask>
    <mask>*.shtml</mask>
    <mask>*.shtm</mask>
    <mask>*.sht</mask>
    <mask>*.html</mask>
    <mask>*.ats</mask>
    <mask>*.ts</mask>
    <mask>*.cjs</mask>
    <mask>*.js</mask>
  </component>
</application>