<application>
  <component name="ApplicationTasksOptions">
    <global-watchers>
      <TaskOptions>
        <option name="arguments" value="$FileName$" />
        <option name="checkSyntaxErrors" value="false" />
        <option name="description" />
        <option name="exitCodeBehavior" value="ERROR" />
        <option name="fileExtension" value="scss" />
        <option name="immediateSync" value="false" />
        <option name="name" value="SCSS" />
        <option name="output" value="../css/$FileNameWithoutExtension$.css" />
        <option name="outputFilters">
          <array />
        </option>
        <option name="outputFromStdout" value="true" />
        <option name="program" value="$USER_HOME$/AppData/Roaming/npm/sass" />
        <option name="runOnExternalChanges" value="false" />
        <option name="scopeName" value="All Places" />
        <option name="trackOnlyRoot" value="false" />
        <option name="workingDir" value="$FileDir$" />
        <envs />
      </TaskOptions>
    </global-watchers>
  </component>
</application>